Timestamp,Depth Inside (ft),Pressure Inside (PSIG),Velocity (m/s),Depth Outside (m),Pressure Outside (PSIG),Voltage Inside,Voltage Outside,Channel Inside,Channel Outside
2025-02-08 15:00:48,-1.100552185987758,-0.4765390965326992,-0.5336698717501283,-1.0529963868738563,-0.4559474355163798,-0.026250801110873745,-0.02187566759239479,-208,-172
2025-02-08 15:00:49,-1.096475974635138,-0.4747740970170148,-0.41337890513218134,-1.0679424951667968,-0.462419100407223,-0.025875789666432693,-0.023250709555345316,-204,-174
2025-02-08 15:00:49,-1.1168570313982387,-0.4835990945954373,-0.40341650367387677,-1.0896822890474378,-0.4718324311575406,-0.02775084688863796,-0.02525077059236427,-251,-222
2025-02-08 15:00:50,-1.1087046086929984,-0.4800690955640683,-0.5560712754038533,-1.0570725982264764,-0.45771243503206427,-0.02700082399975585,-0.02225067903683584,-205,-178
2025-02-08 15:00:50,-1.1087046086929984,-0.4800690955640683,-0.5846060540368696,-1.0516376497563162,-0.4553591023444849,-0.02700082399975585,-0.021750663777581104,-203,-175
2025-02-08 15:00:51,-1.0923997632825178,-0.4730090975013302,-0.4857777983634715,-1.0529963868738563,-0.4559474355163798,-0.02550077822199164,-0.02187566759239479,-205,-174
2025-02-08 15:00:51,-1.0937585004000578,-0.473597430673225,-0.5181978815762873,-1.0489201755212363,-0.4541824360006953,-0.025625782036805326,-0.021500656147953736,-205,-184
2025-02-08 15:00:52,-1.096475974635138,-0.4747740970170148,-0.5022494966911446,-1.0543551239913964,-0.45653576868827467,-0.025875789666432693,-0.02200067140720847,-207,-174
2025-02-08 15:00:52,-1.1399555623964195,-0.4936007585176496,-0.5915247097022911,-1.0815298663421975,-0.4683024321261715,-0.029875911740470596,-0.02450074770348216,-209,-174
2025-02-08 15:00:53,-1.1331618768087193,-0.4906590926581754,-0.5259907682098385,-1.0869648148123576,-0.4706557648137508,-0.029250892666402174,-0.0250007629627369,-226,-192
2025-02-08 15:00:53,-1.0856060776948175,-0.470067431641856,-0.5181978815762881,-1.040767752815996,-0.4506524369693263,-0.024875759147923216,-0.02075063325907163,-199,-166
2025-02-08 15:00:54,-1.0896822890474378,-0.4718324311575406,-0.44192063826409933,-1.0570725982264764,-0.45771243503206427,-0.02525077059236427,-0.02225067903683584,-209,-177
2025-02-08 15:00:55,-1.097834711752678,-0.4753624301889096,-0.5259907682098394,-1.0516376497563162,-0.4553591023444849,-0.026000793481246377,-0.021750663777581104,-206,-175
2025-02-08 15:00:55,-1.095117237517598,-0.4741857638451199,-0.5022494966911446,-1.0529963868738563,-0.4559474355163798,-0.02575078585161901,-0.02187566759239479,-203,-176
2025-02-08 15:00:56,-1.099193448870218,-0.4759507633608044,-0.5336698717501291,-1.0516376497563162,-0.4553591023444849,-0.026125797296060058,-0.021750663777581104,-203,-174
2025-02-08 15:00:56,-1.096475974635138,-0.4747740970170148,-0.5102859989244574,-1.0529963868738563,-0.4559474355163798,-0.025875789666432693,-0.02187566759239479,-204,-175
2025-02-08 15:00:57,-1.1426730366314997,-0.49477742486143933,-0.494082293909309,-1.1019109231052981,-0.4771274297045941,-0.030125919370097964,-0.02637580492568743,-224,-173
2025-02-08 15:00:57,-1.0842473405772777,-0.4694790984699612,-0.494082293909309,-1.0434852270510762,-0.451829103313116,-0.024750755333109532,-0.021000640888698997,-198,-170
2025-02-08 15:00:58,-1.095117237517598,-0.4741857638451199,-0.5102859989244574,-1.0516376497563162,-0.4553591023444849,-0.02575078585161901,-0.021750663777581104,-203,-174
2025-02-08 15:00:58,-1.096475974635138,-0.4747740970170148,-0.5102859989244574,-1.0529963868738563,-0.4559474355163798,-0.025875789666432693,-0.02187566759239479,-206,-175
2025-02-08 15:00:59,-1.096475974635138,-0.4747740970170148,-0.5102859989244574,-1.0529963868738563,-0.4559474355163798,-0.025875789666432693,-0.02187566759239479,-206,-177
2025-02-08 15:00:59,-1.1168570313982387,-0.4835990945954373,-0.6184257896269139,-1.0529963868738563,-0.4559474355163798,-0.02775084688863796,-0.02187566759239479,-206,-172
2025-02-08 15:01:00,-1.0937585004000578,-0.473597430673225,-0.5102859989244547,-1.0502789126387764,-0.4547707691725902,-0.025625782036805326,-0.02162565996276742,-206,-174
2025-02-08 15:01:00,-1.0937585004000578,-0.473597430673225,-0.5102859989244547,-1.0502789126387764,-0.4547707691725902,-0.025625782036805326,-0.02162565996276742,-207,-173
2025-02-08 15:01:01,-1.091041026164978,-0.4724207643294354,-0.4857777983634734,-1.0516376497563162,-0.4553591023444849,-0.025375774407177955,-0.021750663777581104,-205,-171
2025-02-08 15:01:02,-1.095117237517598,-0.4741857638451199,-0.5102859989244574,-1.0516376497563162,-0.4553591023444849,-0.02575078585161901,-0.021750663777581104,-205,-166
2025-02-08 15:01:02,-1.0788123921071173,-0.4671257657823818,-0.5022494966911427,-1.036691541463376,-0.4488874374536418,-0.024250740073854794,-0.020375621814630575,-194,-163
2025-02-08 15:01:03,-1.0815298663421975,-0.4683024321261715,-0.5259907682098385,-1.0353328043458359,-0.4482991042817469,-0.02450074770348216,-0.02025061799981689,-194,-162
2025-02-08 15:01:03,-1.0842473405772777,-0.4694790984699612,-0.5102859989244565,-1.040767752815996,-0.4506524369693263,-0.024750755333109532,-0.02075063325907163,-199,-165
2025-02-08 15:01:04,-1.096475974635138,-0.4747740970170148,-0.5181978815762899,-1.0516376497563162,-0.4553591023444849,-0.025875789666432693,-0.021750663777581104,-206,-172
2025-02-08 15:01:04,-1.0937585004000578,-0.473597430673225,-0.5102859989244547,-1.0502789126387764,-0.4547707691725902,-0.025625782036805326,-0.02162565996276742,-204,-172
2025-02-08 15:01:05,-1.096475974635138,-0.4747740970170148,-0.5259907682098385,-1.0502789126387764,-0.4547707691725902,-0.025875789666432693,-0.02162565996276742,-207,-174
2025-02-08 15:01:05,-1.096475974635138,-0.4747740970170148,-0.5560712754038533,-1.044843964168616,-0.45241743648501076,-0.025875789666432693,-0.02112564470351268,-205,-175
2025-02-08 15:01:06,-1.0937585004000578,-0.473597430673225,-0.5102859989244547,-1.0502789126387764,-0.4547707691725902,-0.025625782036805326,-0.02162565996276742,-204,-174
2025-02-08 15:01:06,-1.1073458715754583,-0.4794807623921734,-0.5776045313575155,-1.0516376497563162,-0.4553591023444849,-0.026875820184942167,-0.021750663777581104,-207,-173
2025-02-08 15:01:07,-1.096475974635138,-0.4747740970170148,-0.5336698717501291,-1.0489201755212363,-0.4541824360006953,-0.025875789666432693,-0.021500656147953736,-205,-173
2025-02-08 15:01:07,-1.0923997632825178,-0.4730090975013302,-0.4857777983634715,-1.0529963868738563,-0.4559474355163798,-0.02550077822199164,-0.02187566759239479,-205,-173
2025-02-08 15:01:08,-1.0842473405772777,-0.4694790984699612,-0.5259907682098394,-1.0380502785809158,-0.44947577062553656,-0.024750755333109532,-0.02050062562944426,-195,-162
2025-02-08 15:01:09,-1.0801711292246574,-0.4677140989542767,-0.5336698717501291,-1.0326153301107557,-0.4471224379379572,-0.024375743888668477,-0.02000061037018952,-194,-162
2025-02-08 15:01:09,-1.0883235519298977,-0.4712440979856457,-0.5102859989244565,-1.044843964168616,-0.45241743648501076,-0.025125766777550587,-0.02112564470351268,-198,-160
2025-02-08 15:01:10,-1.0679424951667968,-0.462419100407223,-0.5022494966911427,-1.0258216445230555,-0.444180772078483,-0.023250709555345316,-0.019375591296121097,-188,-158
2025-02-08 15:01:10,-1.0679424951667968,-0.462419100407223,-0.5102859989244556,-1.0244629074055154,-0.44359243890658817,-0.023250709555345316,-0.019250587481307414,-187,-155
2025-02-08 15:01:11,-1.070659969401877,-0.46359576675101277,-0.5102859989244556,-1.0271803816405956,-0.4447691052503779,-0.023500717184972687,-0.01950059511093478,-186,-155
2025-02-08 15:01:11,-1.070659969401877,-0.46359576675101277,-0.5259907682098385,-1.0244629074055154,-0.44359243890658817,-0.023500717184972687,-0.019250587481307414,-190,-159
2025-02-08 15:01:12,-1.0828886034597376,-0.4688907652980664,-0.5336698717501291,-1.0353328043458359,-0.4482991042817469,-0.02462575151829585,-0.02025061799981689,-195,-162
2025-02-08 15:01:12,-1.0801711292246574,-0.4677140989542767,-0.5102859989244556,-1.036691541463376,-0.4488874374536418,-0.024375743888668477,-0.020375621814630575,-195,-163
2025-02-08 15:01:13,-1.0828886034597376,-0.4688907652980664,-0.4773288443107541,-1.044843964168616,-0.45241743648501076,-0.02462575151829585,-0.02112564470351268,-202,-170
2025-02-08 15:01:13,-1.0923997632825178,-0.4730090975013302,-0.5336698717501283,-1.044843964168616,-0.45241743648501076,-0.02550077822199164,-0.02112564470351268,-194,-168
2025-02-08 15:01:14,-1.069301232284337,-0.4630074335791179,-0.5102859989244556,-1.0258216445230555,-0.444180772078483,-0.023375713370159,-0.019375591296121097,-189,-154
2025-02-08 15:01:14,-1.0774536549895772,-0.4665374326104869,-0.5102859989244556,-1.0339740672282958,-0.4477107711098521,-0.02412573625904111,-0.020125614185003204,-192,-161
2025-02-08 15:01:15,-1.0856060776948175,-0.470067431641856,-0.5102859989244565,-1.042126489933536,-0.4512407701412211,-0.024875759147923216,-0.020875637073885314,-199,-165
2025-02-08 15:01:16,-1.0842473405772777,-0.4694790984699612,-0.5022494966911446,-1.042126489933536,-0.4512407701412211,-0.024750755333109532,-0.020875637073885314,-198,-166
2025-02-08 15:01:16,-1.0828886034597376,-0.4688907652980664,-0.4940822939093099,-1.042126489933536,-0.4512407701412211,-0.02462575151829585,-0.020875637073885314,-199,-165
2025-02-08 15:01:17,-1.0856060776948175,-0.470067431641856,-0.5259907682098385,-1.039409015698456,-0.4500641037974314,-0.024875759147923216,-0.020625629444257942,-196,-166
2025-02-08 15:01:17,-1.0842473405772777,-0.4694790984699612,-0.518197881576289,-1.039409015698456,-0.4500641037974314,-0.024750755333109532,-0.020625629444257942,-197,-164
2025-02-08 15:01:18,-1.0828886034597376,-0.4688907652980664,-0.48577779836347246,-1.0434852270510762,-0.451829103313116,-0.02462575151829585,-0.021000640888698997,-199,-166
2025-02-08 15:01:18,-1.0937585004000578,-0.473597430673225,-0.5102859989244547,-1.0502789126387764,-0.4547707691725902,-0.025625782036805326,-0.02162565996276742,-206,-172
2025-02-08 15:01:19,-1.0923997632825178,-0.4730090975013302,-0.5102859989244556,-1.0489201755212363,-0.4541824360006953,-0.02550077822199164,-0.021500656147953736,-203,-173
2025-02-08 15:01:19,-1.0923997632825178,-0.4730090975013302,-0.494082293909309,-1.0516376497563162,-0.4553591023444849,-0.02550077822199164,-0.021750663777581104,-201,-172
2025-02-08 15:01:20,-1.0801711292246574,-0.4677140989542767,-0.5181978815762881,-1.0353328043458359,-0.4482991042817469,-0.024375743888668477,-0.02025061799981689,-192,-162
2025-02-08 15:01:20,-1.0774536549895772,-0.4665374326104869,-0.5259907682098376,-1.0312565929932156,-0.44653410476606237,-0.02412573625904111,-0.019875606555375836,-184,-156
2025-02-08 15:01:21,-1.0638662838141768,-0.4606541008915386,-0.4773288443107532,-1.0258216445230555,-0.444180772078483,-0.02287569811090426,-0.019375591296121097,-185,-150
2025-02-08 15:01:21,-1.0760949178720374,-0.4659490994385922,-0.5102859989244574,-1.0326153301107557,-0.4471224379379572,-0.024000732444227426,-0.02000061037018952,-193,-160
2025-02-08 15:01:22,-1.091041026164978,-0.4724207643294354,-0.5487057677457426,-1.040767752815996,-0.4506524369693263,-0.025375774407177955,-0.02075063325907163,-202,-166
2025-02-08 15:01:23,-1.099193448870218,-0.4759507633608044,-0.5022494966911446,-1.0570725982264764,-0.45771243503206427,-0.026125797296060058,-0.02225067903683584,-205,-175
2025-02-08 15:01:23,-1.100552185987758,-0.4765390965326992,-0.4773288443107522,-1.0625075466966367,-0.4600657677196437,-0.026250801110873745,-0.022750694296090578,-212,-183
2025-02-08 15:01:24,-1.097834711752678,-0.4753624301889096,-0.8605168117101936,-0.9741896340565336,-0.42182411154647903,-0.026000793481246377,-0.014625446333201087,-203,-113
2025-02-08 15:01:24,-0.8777192987111901,-0.38005245634194534,-0.8017744433280493,-0.7703790664255262,-0.33357413576225287,-0.005750175481429487,0.004125125888851589,-41,35
2025-02-08 15:01:25,-0.6820611537854231,-0.2953324795890882,-0.7864035393222327,-0.5787971328523793,-0.25061915852508027,0.01225037385174108,0.021750663777581104,107,183
2025-02-08 15:01:25,-0.4483583695685346,-0.1941391740231755,-0.8652320076185922,-0.3233545547548501,-0.14001252220885008,0.033751029999694815,0.04525138096255379,275,368
2025-02-08 15:01:26,-0.30433223510928936,-0.1317758578023223,-0.5102859989244558,-0.26085264734800784,-0.1129491963016874,0.047001434369945375,0.05100155644398328,384,402
2025-02-08 15:01:26,-0.12226146135892285,-0.052939212768413596,0.7272694446822878,-0.21057937399902604,-0.09118086894157827,0.0637519455549791,0.0556266975920896,509,447
2025-02-08 15:01:27,-0.11954398712384269,-0.051762546424623884,0.6314467078220602,-0.18612210588330513,-0.08059087184747112,0.06400195318460647,0.057876766258735925,511,461
2025-02-08 15:01:27,-0.10867409018352236,-0.04705588104946518,0.5705170907807344,-0.1630235748851243,-0.07058920792525883,0.06500198370311594,0.06000183111056856,519,481
2025-02-08 15:01:28,-0.11003282730106244,-0.04764421422136004,0.4687276200942464,-0.14671872947464376,-0.06352920986252075,0.06487697988830225,0.06150187688833277,519,495
2025-02-08 15:01:28,-0.11275030153614245,-0.04882088056514968,0.4599655835683729,-0.14807746659218382,-0.0641175430344156,0.06462697225867489,0.061376873073519085,518,492
2025-02-08 15:01:29,-0.11003282730106244,-0.04764421422136004,0.4687276200942464,-0.14671872947464376,-0.06352920986252075,0.06487697988830225,0.06150187688833277,516,491
2025-02-08 15:01:30,-0.10052166747828205,-0.043525882018096124,0.48577779836347207,-0.13992504388694352,-0.06058754400304654,0.06575200659199805,0.062126895962401195,525,496
2025-02-08 15:01:30,-0.10052166747828205,-0.043525882018096124,0.477328844310753,-0.13856630676940343,-0.059999210831151686,0.06575200659199805,0.06225189977721488,525,499
2025-02-08 15:01:31,-0.09916293036074196,-0.04293754884620127,0.48577779836347207,-0.13856630676940343,-0.059999210831151686,0.06587701040681174,0.06225189977721488,523,498
2025-02-08 15:01:31,-0.08965177053796171,-0.03881921664293742,0.49408229390930875,-0.13041388406416318,-0.056469211799782655,0.06675203711050752,0.06300192266609698,533,507
2025-02-08 15:01:32,-0.10188040459582212,-0.04411421518999098,0.4599655835683725,-0.13720756965186343,-0.059410877659256865,0.06562700277718436,0.06237690359202856,526,499
2025-02-08 15:01:32,-0.10052166747828205,-0.043525882018096124,0.4687276200942468,-0.13720756965186343,-0.059410877659256865,0.06575200659199805,0.06237690359202856,521,495
2025-02-08 15:01:33,-0.10052166747828205,-0.043525882018096124,0.4599655835683725,-0.13584883253432334,-0.058822544487362,0.06575200659199805,0.06250190740684225,529,499
2025-02-08 15:01:33,-0.11410903865368253,-0.04940921373704454,0.5022494966911439,-0.15622988929742407,-0.06764754206578462,0.0645019684438612,0.06062685018463698,511,482
2025-02-08 15:01:34,-0.11546777577122261,-0.049997546908939386,0.4510333627300428,-0.14943620370972382,-0.06470587620631041,0.06437696462904752,0.061251869258705405,516,487
2025-02-08 15:01:34,-0.17389347182544465,-0.07529587330041754,0.494082293909309,-0.2146555853516462,-0.0929458684572628,0.05900180059205909,0.05525168614764855,469,438
2025-02-08 15:01:35,-0.12362019847646294,-0.05352754594030845,0.4510333627300428,-0.15758862641496416,-0.06823587523767947,0.06362694174016541,0.060501846369823295,513,484
2025-02-08 15:01:35,-0.11954398712384269,-0.051762546424623884,0.45103336273004346,-0.153512415062344,-0.06647087572199495,0.06400195318460647,0.06087685781426435,512,484
2025-02-08 15:01:36,-0.1168265128887627,-0.05058588008083425,0.4940822939093085,-0.15758862641496416,-0.06823587523767947,0.06425196081423383,0.060501846369823295,511,485
2025-02-08 15:01:37,-0.12090272424138278,-0.05235087959651874,0.4326160038092961,-0.15215367794480392,-0.06588254255010009,0.06387694936979278,0.06100186162907804,510,485
2025-02-08 15:01:37,-0.11003282730106244,-0.04764421422136004,0.4687276200942464,-0.14671872947464376,-0.06352920986252075,0.06487697988830225,0.06150187688833277,520,491
2025-02-08 15:01:38,-0.1032391417133622,-0.04470254836188583,0.45103336273004296,-0.13720756965186343,-0.059410877659256865,0.06550199896237067,0.06237690359202856,523,501
2025-02-08 15:01:38,-0.09916293036074196,-0.04293754884620127,0.4687276200942468,-0.13584883253432334,-0.058822544487362,0.06587701040681174,0.06250190740684225,527,495
2025-02-08 15:01:39,-0.1059566159484422,-0.04587921470567547,0.4510333627300436,-0.13992504388694352,-0.06058754400304654,0.06525199133274331,0.062126895962401195,524,495
2025-02-08 15:01:39,-0.10459787883090213,-0.04529088153378062,0.4687276200942468,-0.14128378100448352,-0.061175877174941364,0.065376995147557,0.062001892147587515,523,496
2025-02-08 15:01:40,-0.10867409018352236,-0.04705588104946518,0.5102859989244561,-0.15215367794480392,-0.06588254255010009,0.06500198370311594,0.06100186162907804,517,492
2025-02-08 15:01:40,-0.09236924477304172,-0.039995882986727065,0.4773288443107534,-0.13041388406416318,-0.056469211799782655,0.06650202948088016,0.06300192266609698,532,490
2025-02-08 15:01:41,-0.12090272424138278,-0.05235087959651874,0.45103336273004346,-0.15487115217988406,-0.0670592088938898,0.06387694936979278,0.06075185399945066,511,481
2025-02-08 15:01:41,-0.11954398712384269,-0.051762546424623884,0.459965583568373,-0.15487115217988406,-0.0670592088938898,0.06400195318460647,0.06075185399945066,511,486
2025-02-08 15:01:42,-0.11954398712384269,-0.051762546424623884,0.4687276200942467,-0.15622988929742407,-0.06764754206578462,0.06400195318460647,0.06062685018463698,513,487
2025-02-08 15:01:42,-0.11954398712384269,-0.051762546424623884,0.459965583568373,-0.15487115217988406,-0.0670592088938898,0.06400195318460647,0.06075185399945066,515,486
2025-02-08 15:01:43,-0.12226146135892285,-0.052939212768413596,0.4599655835683724,-0.15758862641496416,-0.06823587523767947,0.0637519455549791,0.060501846369823295,511,488
2025-02-08 15:01:44,-0.12090272424138278,-0.05235087959651874,0.4599655835683724,-0.15622988929742407,-0.06764754206578462,0.06387694936979278,0.06062685018463698,513,488
2025-02-08 15:01:44,-0.11954398712384269,-0.051762546424623884,0.45103336273004346,-0.153512415062344,-0.06647087572199495,0.06400195318460647,0.06087685781426435,515,488
2025-02-08 15:01:45,-0.12090272424138278,-0.05235087959651874,0.45103336273004346,-0.15487115217988406,-0.0670592088938898,0.06387694936979278,0.06075185399945066,513,489
2025-02-08 15:01:45,-0.1168265128887627,-0.05058588008083425,0.4599655835683718,-0.15215367794480392,-0.06588254255010009,0.06425196081423383,0.06100186162907804,515,488
2025-02-08 15:01:46,-0.1059566159484422,-0.04587921470567547,0.4510333627300436,-0.13992504388694352,-0.06058754400304654,0.06525199133274331,0.062126895962401195,519,496
2025-02-08 15:01:46,-0.1059566159484422,-0.04587921470567547,0.45996558356837264,-0.14128378100448352,-0.061175877174941364,0.06525199133274331,0.062001892147587515,524,496
2025-02-08 15:01:47,-0.08693429630288155,-0.03764255029914771,0.45103336273004296,-0.12090272424138278,-0.05235087959651874,0.0670020447401349,0.06387694936979278,532,508
2025-02-08 15:01:47,-0.1059566159484422,-0.04587921470567547,0.5181978815762891,-0.1507949408272639,-0.06529420937820528,0.06525199133274331,0.06112686544389172,511,488
2025-02-08 15:01:48,-0.11546777577122261,-0.049997546908939386,0.502249496691144,-0.15758862641496416,-0.06823587523767947,0.06437696462904752,0.060501846369823295,512,489
2025-02-08 15:01:48,-0.1059566159484422,-0.04587921470567547,0.4510333627300436,-0.13992504388694352,-0.06058754400304654,0.06525199133274331,0.062126895962401195,520,495
2025-02-08 15:01:49,-0.10459787883090213,-0.04529088153378062,0.41337890513217945,-0.1331313582992432,-0.057645878143572304,0.065376995147557,0.06275191503646962,527,498
2025-02-08 15:01:50,-0.10867409018352236,-0.04705588104946518,0.45103336273004296,-0.14264251812202358,-0.06176421034683621,0.06500198370311594,0.06187688833277383,522,497
2025-02-08 15:01:50,-0.09644545612566195,-0.041760882502411625,0.41337890513217934,-0.12497893559400301,-0.0541158791122033,0.0661270180364391,0.06350193792535172,535,505
2025-02-08 15:01:51,-0.10731535306598229,-0.046467547877570334,0.44192063826409816,-0.13992504388694352,-0.06058754400304654,0.06512698751792963,0.062126895962401195,521,498
2025-02-08 15:01:51,-0.10188040459582212,-0.04411421518999098,0.4857777983634716,-0.14128378100448352,-0.061175877174941364,0.06562700277718436,0.062001892147587515,521,496
2025-02-08 15:01:52,-0.11275030153614245,-0.04882088056514968,0.43261600380929666,-0.14400125523956367,-0.06235254351873107,0.06462697225867489,0.06175188451796014,515,495
2025-02-08 15:01:52,-0.10052166747828205,-0.043525882018096124,0.4326160038092969,-0.13177262118170327,-0.05705754497167752,0.06575200659199805,0.0628769188512833,525,501
2025-02-08 15:01:53,-0.1168265128887627,-0.05058588008083425,0.45103336273004296,-0.1507949408272639,-0.06529420937820528,0.06425196081423383,0.06112686544389172,515,491
2025-02-08 15:01:53,-0.10731535306598229,-0.046467547877570334,0.4687276200942467,-0.14400125523956367,-0.06235254351873107,0.06512698751792963,0.06175188451796014,521,497
2025-02-08 15:01:54,-0.11546777577122261,-0.049997546908939386,0.4326160038092963,-0.14671872947464376,-0.06352920986252075,0.06437696462904752,0.06150187688833277,517,492
2025-02-08 15:01:54,-0.1168265128887627,-0.05058588008083425,0.5983633728431271,-0.17661094606052474,-0.07647253964420721,0.06425196081423383,0.05875179296243172,495,473
2025-02-08 15:01:55,-0.12362019847646294,-0.05352754594030845,0.38271449919334233,-0.14807746659218382,-0.0641175430344156,0.06362694174016541,0.061376873073519085,514,491
2025-02-08 15:01:55,-0.13177262118170327,-0.05705754497167752,0.47732884431075195,-0.1698172604728245,-0.07353087378473301,0.0628769188512833,0.059376812036500144,517,492
2025-02-08 15:01:56,-0.11546777577122261,-0.049997546908939386,0.4326160038092963,-0.14671872947464376,-0.06352920986252075,0.06437696462904752,0.06150187688833277,516,484
2025-02-08 15:01:57,-0.11546777577122261,-0.049997546908939386,0.4510333627300428,-0.14943620370972382,-0.06470587620631041,0.06437696462904752,0.061251869258705405,514,491
2025-02-08 15:01:57,-0.1168265128887627,-0.05058588008083425,0.4034165036738783,-0.14400125523956367,-0.06235254351873107,0.06425196081423383,0.06175188451796014,522,496
2025-02-08 15:01:58,-0.12090272424138278,-0.05235087959651874,0.44192063826409816,-0.153512415062344,-0.06647087572199495,0.06387694936979278,0.06087685781426435,509,488
2025-02-08 15:01:58,-0.11410903865368253,-0.04940921373704454,0.4510333627300433,-0.14807746659218382,-0.0641175430344156,0.0645019684438612,0.061376873073519085,517,491
2025-02-08 15:01:59,-0.11818525000630262,-0.051174213252729035,0.42310679855103106,-0.14807746659218382,-0.0641175430344156,0.06412695699942016,0.061376873073519085,514,491
2025-02-08 15:01:59,-0.1168265128887627,-0.05058588008083425,0.4940822939093085,-0.15758862641496416,-0.06823587523767947,0.06425196081423383,0.060501846369823295,513,493
2025-02-08 15:02:00,-0.1168265128887627,-0.05058588008083425,0.43261600380929593,-0.14807746659218382,-0.0641175430344156,0.06425196081423383,0.061376873073519085,514,491
2025-02-08 15:02:00,-0.11818525000630262,-0.051174213252729035,0.4326160038092965,-0.14943620370972382,-0.06470587620631041,0.06412695699942016,0.061251869258705405,515,492
2025-02-08 15:02:01,-0.12497893559400301,-0.0541158791122033,0.3719316390426981,-0.14807746659218382,-0.0641175430344156,0.06350193792535172,0.061376873073519085,517,491
2025-02-08 15:02:01,-0.12362019847646294,-0.05352754594030845,0.6567144888812863,-0.19563326570608547,-0.08470920405073501,0.06362694174016541,0.057001739555040135,503,475
2025-02-08 15:02:02,-0.1168265128887627,-0.05058588008083425,0.4231067985510301,-0.14671872947464376,-0.06352920986252075,0.06425196081423383,0.06150187688833277,514,484
2025-02-08 15:02:02,-0.11275030153614245,-0.04882088056514968,0.44192063826409833,-0.14535999235710367,-0.0629408766906259,0.06462697225867489,0.06162688070314646,514,492
2025-02-08 15:02:03,-0.1032391417133622,-0.04470254836188583,0.45103336273004296,-0.13720756965186343,-0.059410877659256865,0.06550199896237067,0.06237690359202856,519,498
2025-02-08 15:02:04,-0.10459787883090213,-0.04529088153378062,0.41337890513217945,-0.1331313582992432,-0.057645878143572304,0.065376995147557,0.06275191503646962,519,497
2025-02-08 15:02:04,-0.11954398712384269,-0.051762546424623884,0.48577779836347207,-0.15894736353250416,-0.0688242084095743,0.06400195318460647,0.060376842555009615,514,493
2025-02-08 15:02:05,-0.11410903865368253,-0.04940921373704454,0.44192063826409833,-0.14671872947464376,-0.06352920986252075,0.0645019684438612,0.06150187688833277,515,489
2025-02-08 15:02:05,-0.1168265128887627,-0.05058588008083425,0.4231067985510301,-0.14671872947464376,-0.06352920986252075,0.06425196081423383,0.06150187688833277,511,490
2025-02-08 15:02:06,-0.11818525000630262,-0.051174213252729035,0.42310679855103106,-0.14807746659218382,-0.0641175430344156,0.06412695699942016,0.061376873073519085,513,489
2025-02-08 15:02:06,-0.1168265128887627,-0.05058588008083425,0.4231067985510301,-0.14671872947464376,-0.06352920986252075,0.06425196081423383,0.06150187688833277,516,493
2025-02-08 15:02:07,-0.11410903865368253,-0.04940921373704454,0.49408229390930913,-0.15487115217988406,-0.0670592088938898,0.0645019684438612,0.06075185399945066,516,491
2025-02-08 15:02:07,-0.11818525000630262,-0.051174213252729035,0.42310679855103106,-0.14807746659218382,-0.0641175430344156,0.06412695699942016,0.061376873073519085,516,491
2025-02-08 15:02:08,-0.11818525000630262,-0.051174213252729035,0.4326160038092965,-0.14943620370972382,-0.06470587620631041,0.06412695699942016,0.061251869258705405,515,489
2025-02-08 15:02:08,-0.1290551469466231,-0.0558808786278878,0.5846060540368686,-0.18612210588330513,-0.08059087184747112,0.06312692648091067,0.057876766258735925,508,492
2025-02-08 15:02:09,-0.11410903865368253,-0.04940921373704454,0.4687276200942468,-0.1507949408272639,-0.06529420937820528,0.0645019684438612,0.06112686544389172,515,490
2025-02-08 15:02:09,-0.1059566159484422,-0.04587921470567547,0.44192063826409833,-0.13856630676940343,-0.059999210831151686,0.06525199133274331,0.06225189977721488,522,491
2025-02-08 15:02:10,-0.11818525000630262,-0.051174213252729035,0.4133789051321801,-0.14671872947464376,-0.06352920986252075,0.06412695699942016,0.06150187688833277,513,491
2025-02-08 15:02:11,-0.1168265128887627,-0.05058588008083425,0.4419206382640974,-0.14943620370972382,-0.06470587620631041,0.06425196081423383,0.061251869258705405,513,489
2025-02-08 15:02:11,-0.1168265128887627,-0.05058588008083425,0.43261600380929593,-0.14807746659218382,-0.0641175430344156,0.06425196081423383,0.061376873073519085,511,485
2025-02-08 15:02:12,-0.11546777577122261,-0.049997546908939386,0.4510333627300428,-0.14943620370972382,-0.06470587620631041,0.06437696462904752,0.061251869258705405,512,489
2025-02-08 15:02:12,-0.1168265128887627,-0.05058588008083425,0.43261600380929593,-0.14807746659218382,-0.0641175430344156,0.06425196081423383,0.061376873073519085,515,490
2025-02-08 15:02:13,-0.10459787883090213,-0.04529088153378062,0.459965583568373,-0.13992504388694352,-0.06058754400304654,0.065376995147557,0.062126895962401195,520,500
2025-02-08 15:02:13,-0.10052166747828205,-0.043525882018096124,0.4510333627300431,-0.13449009541678328,-0.05823421131546716,0.06575200659199805,0.06262691122165594,528,498
2025-02-08 15:02:14,-0.10459787883090213,-0.04529088153378062,0.42310679855103067,-0.13449009541678328,-0.05823421131546716,0.065376995147557,0.06262691122165594,525,504
2025-02-08 15:02:14,-0.10459787883090213,-0.04529088153378062,0.5022494966911447,-0.14671872947464376,-0.06352920986252075,0.065376995147557,0.06150187688833277,516,495
2025-02-08 15:02:15,-0.1059566159484422,-0.04587921470567547,0.42310679855103067,-0.13584883253432334,-0.058822544487362,0.06525199133274331,0.06250190740684225,524,501
2025-02-08 15:02:15,-0.12362019847646294,-0.05352754594030845,0.44192063826409755,-0.15622988929742407,-0.06764754206578462,0.06362694174016541,0.06062685018463698,514,490
2025-02-08 15:02:16,-0.1032391417133622,-0.04470254836188583,0.4326160038092957,-0.13449009541678328,-0.05823421131546716,0.06550199896237067,0.06262691122165594,523,503
2025-02-08 15:02:16,-0.1032391417133622,-0.04470254836188583,0.4326160038092957,-0.13449009541678328,-0.05823421131546716,0.06550199896237067,0.06262691122165594,526,501
2025-02-08 15:02:17,-0.11003282730106244,-0.04764421422136004,0.44192063826409766,-0.14264251812202358,-0.06176421034683621,0.06487697988830225,0.06187688833277383,520,495
2025-02-08 15:02:18,-0.19427452858854538,-0.08412087087884015,0.40341650367387905,-0.22144927093934644,-0.09588753431673701,0.05712674336985382,0.054626667073580125,476,469
2025-02-08 15:02:18,-0.11954398712384269,-0.051762546424623884,0.4231067985510305,-0.14943620370972382,-0.06470587620631041,0.06400195318460647,0.061251869258705405,513,486
2025-02-08 15:02:19,-0.11275030153614245,-0.04882088056514968,0.4510333627300436,-0.14671872947464376,-0.06352920986252075,0.06462697225867489,0.06150187688833277,505,491
2025-02-08 15:02:19,-0.11546777577122261,-0.049997546908939386,0.44192063826409816,-0.14807746659218382,-0.0641175430344156,0.06437696462904752,0.061376873073519085,513,492
2025-02-08 15:02:20,-0.11954398712384269,-0.051762546424623884,0.4034165036738793,-0.14671872947464376,-0.06352920986252075,0.06400195318460647,0.06150187688833277,514,489
2025-02-08 15:02:20,-0.12090272424138278,-0.05235087959651874,0.4687276200942467,-0.15758862641496416,-0.06823587523767947,0.06387694936979278,0.060501846369823295,511,488
2025-02-08 15:02:21,-0.11139156441860237,-0.048232547393254825,0.41337890513218,-0.13992504388694352,-0.06058754400304654,0.06475197607348858,0.062126895962401195,517,499
2025-02-08 15:02:21,-0.10731535306598229,-0.046467547877570334,0.4326160038092961,-0.13856630676940343,-0.059999210831151686,0.06512698751792963,0.06225189977721488,518,498
2025-02-08 15:02:22,-0.1168265128887627,-0.05058588008083425,0.4133789051321789,-0.14535999235710367,-0.0629408766906259,0.06425196081423383,0.06162688070314646,520,495
2025-02-08 15:02:22,-0.13449009541678328,-0.05823421131546716,0.42310679855102984,-0.16438231200266432,-0.07117754109715364,0.06262691122165594,0.05987682729575488,521,499
2025-02-08 15:02:23,-0.11275030153614245,-0.04882088056514968,0.46872762009424657,-0.14943620370972382,-0.06470587620631041,0.06462697225867489,0.061251869258705405,509,487
2025-02-08 15:02:23,-0.11139156441860237,-0.048232547393254825,0.41337890513218,-0.13992504388694352,-0.06058754400304654,0.06475197607348858,0.062126895962401195,517,493
2025-02-08 15:02:24,-0.11410903865368253,-0.04940921373704454,0.40341650367387843,-0.14128378100448352,-0.061175877174941364,0.0645019684438612,0.062001892147587515,506,482
2025-02-08 15:02:25,-0.11003282730106244,-0.04764421422136004,0.44192063826409766,-0.14264251812202358,-0.06176421034683621,0.06487697988830225,0.06187688833277383,518,490
2025-02-08 15:02:25,-0.11139156441860237,-0.048232547393254825,0.43261600380929666,-0.14264251812202358,-0.06176421034683621,0.06475197607348858,0.06187688833277383,519,495
2025-02-08 15:02:26,-0.10188040459582212,-0.04411421518999098,0.3608266901840346,-0.12362019847646294,-0.05352754594030845,0.06562700277718436,0.06362694174016541,531,509
2025-02-08 15:02:26,-0.1059566159484422,-0.04587921470567547,0.43261600380929677,-0.13720756965186343,-0.059410877659256865,0.06525199133274331,0.06237690359202856,513,494
2025-02-08 15:02:27,-0.11003282730106244,-0.04764421422136004,0.4773288443107529,-0.14807746659218382,-0.0641175430344156,0.06487697988830225,0.061376873073519085,520,496
2025-02-08 15:02:27,-0.11003282730106244,-0.04764421422136004,0.44192063826409766,-0.14264251812202358,-0.06176421034683621,0.06487697988830225,0.06187688833277383,516,493
2025-02-08 15:02:28,-0.11954398712384269,-0.051762546424623884,0.5022494966911445,-0.1616648377675843,-0.070000874753364,0.06400195318460647,0.06012683492538224,491,467
2025-02-08 15:02:28,-0.1168265128887627,-0.05058588008083425,0.4599655835683718,-0.15215367794480392,-0.06588254255010009,0.06425196081423383,0.06100186162907804,509,489
2025-02-08 15:02:29,-0.11003282730106244,-0.04764421422136004,0.44192063826409766,-0.14264251812202358,-0.06176421034683621,0.06487697988830225,0.06187688833277383,520,499
2025-02-08 15:02:29,-0.17661094606052474,-0.07647253964420721,0.3719316390426989,-0.19970947705870562,-0.08647420356641954,0.05875179296243172,0.05662672811059908,486,462
2025-02-08 15:02:30,-0.11954398712384269,-0.051762546424623884,0.5102859989244567,-0.1630235748851243,-0.07058920792525883,0.06400195318460647,0.06000183111056856,510,491
2025-02-08 15:02:30,-0.12090272424138278,-0.05235087959651874,0.4326160038092961,-0.15215367794480392,-0.06588254255010009,0.06387694936979278,0.06100186162907804,513,491
2025-02-08 15:02:31,-0.12226146135892285,-0.052939212768413596,0.42310679855103,-0.15215367794480392,-0.06588254255010009,0.0637519455549791,0.06100186162907804,513,490
2025-02-08 15:02:32,-0.12226146135892285,-0.052939212768413596,0.4599655835683724,-0.15758862641496416,-0.06823587523767947,0.0637519455549791,0.060501846369823295,513,491
2025-02-08 15:02:32,-0.10867409018352236,-0.04705588104946518,0.45103336273004296,-0.14264251812202358,-0.06176421034683621,0.06500198370311594,0.06187688833277383,513,488
2025-02-08 15:02:33,-0.11954398712384269,-0.051762546424623884,0.41337890513218,-0.14807746659218382,-0.0641175430344156,0.06400195318460647,0.061376873073519085,513,490
2025-02-08 15:02:33,-0.11954398712384269,-0.051762546424623884,0.41337890513218,-0.14807746659218382,-0.0641175430344156,0.06400195318460647,0.061376873073519085,516,493
2025-02-08 15:02:34,-0.11818525000630262,-0.051174213252729035,0.4326160038092965,-0.14943620370972382,-0.06470587620631041,0.06412695699942016,0.061251869258705405,516,489
2025-02-08 15:02:34,-0.1168265128887627,-0.05058588008083425,0.45103336273004296,-0.1507949408272639,-0.06529420937820528,0.06425196081423383,0.06112686544389172,514,479
2025-02-08 15:02:35,-0.11818525000630262,-0.051174213252729035,0.42310679855103106,-0.14807746659218382,-0.0641175430344156,0.06412695699942016,0.061376873073519085,511,492
2025-02-08 15:02:35,-0.1059566159484422,-0.04587921470567547,0.45996558356837264,-0.14128378100448352,-0.061175877174941364,0.06525199133274331,0.062001892147587515,519,499
2025-02-08 15:02:36,-0.12090272424138278,-0.05235087959651874,0.45103336273004346,-0.15487115217988406,-0.0670592088938898,0.06387694936979278,0.06075185399945066,505,483
2025-02-08 15:02:36,-0.1630235748851243,-0.07058920792525883,0.33752246266807084,-0.18204589453068498,-0.07882587233178659,0.06000183111056856,0.05825177770317698,511,486
2025-02-08 15:02:37,-0.11818525000630262,-0.051174213252729035,0.4326160038092965,-0.14943620370972382,-0.06470587620631041,0.06412695699942016,0.061251869258705405,499,489
2025-02-08 15:02:37,-0.1168265128887627,-0.05058588008083425,0.46872762009424607,-0.153512415062344,-0.06647087572199495,0.06425196081423383,0.06087685781426435,510,490
2025-02-08 15:02:38,-0.10867409018352236,-0.04705588104946518,0.40341650367387843,-0.13584883253432334,-0.058822544487362,0.06500198370311594,0.06250190740684225,522,495
2025-02-08 15:02:39,-0.10731535306598229,-0.046467547877570334,0.4231067985510305,-0.13720756965186343,-0.059410877659256865,0.06512698751792963,0.06237690359202856,525,503
2025-02-08 15:02:39,-0.11410903865368253,-0.04940921373704454,0.48577779836347185,-0.153512415062344,-0.06647087572199495,0.0645019684438612,0.06087685781426435,516,494
2025-02-08 15:02:40,-0.10052166747828205,-0.043525882018096124,0.4510333627300431,-0.13449009541678328,-0.05823421131546716,0.06575200659199805,0.06262691122165594,523,500
2025-02-08 15:02:40,-0.11003282730106244,-0.04764421422136004,0.45103336273004296,-0.14400125523956367,-0.06235254351873107,0.06487697988830225,0.06175188451796014,518,494
2025-02-08 15:02:41,-0.11818525000630262,-0.051174213252729035,0.40341650367387916,-0.14535999235710367,-0.0629408766906259,0.06412695699942016,0.06162688070314646,516,495
2025-02-08 15:02:41,-0.1059566159484422,-0.04587921470567547,0.43261600380929677,-0.13720756965186343,-0.059410877659256865,0.06525199133274331,0.06237690359202856,522,500
2025-02-08 15:02:42,-0.1032391417133622,-0.04470254836188583,0.4326160038092957,-0.13449009541678328,-0.05823421131546716,0.06550199896237067,0.06262691122165594,522,498
2025-02-08 15:02:42,-0.11003282730106244,-0.04764421422136004,0.3932017696611161,-0.13584883253432334,-0.058822544487362,0.06487697988830225,0.06250190740684225,521,499
2025-02-08 15:02:43,-0.11954398712384269,-0.051762546424623884,0.48577779836347207,-0.15894736353250416,-0.0688242084095743,0.06400195318460647,0.060376842555009615,497,468
2025-02-08 15:02:43,-0.15758862641496416,-0.06823587523767947,0.3493689404874764,-0.1779696831780648,-0.07706087281610206,0.060501846369823295,0.058626789147618034,497,475
2025-02-08 15:02:44,-0.12226146135892285,-0.052939212768413596,0.5022494966911436,-0.16438231200266432,-0.07117754109715364,0.0637519455549791,0.05987682729575488,486,480
2025-02-08 15:02:44,-0.12090272424138278,-0.05235087959651874,0.4326160038092961,-0.15215367794480392,-0.06588254255010009,0.06387694936979278,0.06100186162907804,512,489
2025-02-08 15:02:45,-0.1168265128887627,-0.05058588008083425,0.4599655835683718,-0.15215367794480392,-0.06588254255010009,0.06425196081423383,0.06100186162907804,505,490
2025-02-08 15:02:46,-0.11546777577122261,-0.049997546908939386,0.45996558356837264,-0.1507949408272639,-0.06529420937820528,0.06437696462904752,0.06112686544389172,514,488
2025-02-08 15:02:46,-0.1168265128887627,-0.05058588008083425,0.4419206382640974,-0.14943620370972382,-0.06470587620631041,0.06425196081423383,0.061251869258705405,512,491
2025-02-08 15:02:47,-0.11818525000630262,-0.051174213252729035,0.5336698717501289,-0.1657410491202044,-0.0717658742690485,0.06412695699942016,0.05975182348094119,512,488
2025-02-08 15:02:47,-0.11275030153614245,-0.04882088056514968,0.41337890513217945,-0.14128378100448352,-0.061175877174941364,0.06462697225867489,0.062001892147587515,520,496
2025-02-08 15:02:48,-0.10188040459582212,-0.04411421518999098,0.4326160038092957,-0.1331313582992432,-0.057645878143572304,0.06562700277718436,0.06275191503646962,521,502
2025-02-08 15:02:48,-0.11003282730106244,-0.04764421422136004,0.4231067985510301,-0.13992504388694352,-0.06058754400304654,0.06487697988830225,0.062126895962401195,521,493
2025-02-08 15:02:49,-0.11275030153614245,-0.04882088056514968,0.4231067985510305,-0.14264251812202358,-0.06176421034683621,0.06462697225867489,0.06187688833277383,517,492
2025-02-08 15:02:49,-0.10867409018352236,-0.04705588104946518,0.4326160038092962,-0.13992504388694352,-0.06058754400304654,0.06500198370311594,0.062126895962401195,521,488
2025-02-08 15:02:50,-0.1168265128887627,-0.05058588008083425,0.3932017696611159,-0.14264251812202358,-0.06176421034683621,0.06425196081423383,0.06187688833277383,514,495
2025-02-08 15:02:50,-0.13041388406416318,-0.056469211799782655,0.34936894048747724,-0.1507949408272639,-0.06529420937820528,0.06300192266609698,0.06112686544389172,514,488
2025-02-08 15:02:51,-0.14128378100448352,-0.061175877174941364,0.5412400352760517,-0.1901983172359253,-0.08235587136315566,0.062001892147587515,0.05750175481429487,488,467
2025-02-08 15:02:51,-0.1630235748851243,-0.07058920792525883,0.48577779836347135,-0.2024269512937857,-0.0876508699102092,0.06000183111056856,0.05637672048097171,480,457
2025-02-08 15:02:52,-0.14400125523956367,-0.06235254351873107,0.4326160038092957,-0.17525220894298474,-0.0758842064723124,0.06175188451796014,0.0588767967772454,494,469
2025-02-08 15:02:53,-0.12090272424138278,-0.05235087959651874,0.4231067985510308,-0.1507949408272639,-0.06529420937820528,0.06387694936979278,0.06112686544389172,508,490
2025-02-08 15:02:53,-0.12633767271154295,-0.054704212284098094,0.3932017696611165,-0.15215367794480392,-0.06588254255010009,0.06337693411053805,0.06100186162907804,511,487
2025-02-08 15:02:54,-0.11954398712384269,-0.051762546424623884,0.4231067985510305,-0.14943620370972382,-0.06470587620631041,0.06400195318460647,0.061251869258705405,508,490
2025-02-08 15:02:54,-0.11275030153614245,-0.04882088056514968,0.4773288443107535,-0.1507949408272639,-0.06529420937820528,0.06462697225867489,0.06112686544389172,517,495
2025-02-08 15:02:55,-0.12226146135892285,-0.052939212768413596,0.41337890513217956,-0.1507949408272639,-0.06529420937820528,0.0637519455549791,0.06112686544389172,513,485
2025-02-08 15:02:55,-0.11818525000630262,-0.051174213252729035,0.4599655835683729,-0.153512415062344,-0.06647087572199495,0.06412695699942016,0.06087685781426435,514,491
2025-02-08 15:02:56,-0.11139156441860237,-0.048232547393254825,0.4599655835683732,-0.14671872947464376,-0.06352920986252075,0.06475197607348858,0.06150187688833277,517,493
2025-02-08 15:02:56,-0.11818525000630262,-0.051174213252729035,0.40341650367387916,-0.14535999235710367,-0.0629408766906259,0.06412695699942016,0.06162688070314646,515,490
2025-02-08 15:02:57,-0.12362019847646294,-0.05352754594030845,0.41337890513217873,-0.15215367794480392,-0.06588254255010009,0.06362694174016541,0.06100186162907804,511,482
2025-02-08 15:02:57,-0.15487115217988406,-0.0670592088938898,0.3493689404874766,-0.17525220894298474,-0.0758842064723124,0.06075185399945066,0.0588767967772454,493,471
2025-02-08 15:02:58,-0.16438231200266432,-0.07117754109715364,0.3932017696611169,-0.1901983172359253,-0.08235587136315566,0.05987682729575488,0.05750175481429487,495,463
2025-02-08 15:02:58,-0.15215367794480392,-0.06588254255010009,0.3608266901840342,-0.17389347182544465,-0.07529587330041754,0.06100186162907804,0.05900180059205909,491,469
2025-02-08 15:02:59,-0.11954398712384269,-0.051762546424623884,0.4231067985510305,-0.14943620370972382,-0.06470587620631041,0.06400195318460647,0.061251869258705405,511,490
2025-02-08 15:03:00,-0.11954398712384269,-0.051762546424623884,0.4231067985510305,-0.14943620370972382,-0.06470587620631041,0.06400195318460647,0.061251869258705405,512,491
2025-02-08 15:03:00,-0.11954398712384269,-0.051762546424623884,0.41337890513218,-0.14807746659218382,-0.0641175430344156,0.06400195318460647,0.061376873073519085,507,495
2025-02-08 15:03:01,-0.153512415062344,-0.06647087572199495,0.4773288443107527,-0.19155705435346532,-0.08294420453505048,0.06087685781426435,0.05737675099948119,509,490
2025-02-08 15:03:01,-0.11954398712384269,-0.051762546424623884,0.44192063826409816,-0.15215367794480392,-0.06588254255010009,0.06400195318460647,0.06100186162907804,513,489
2025-02-08 15:03:02,-0.1032391417133622,-0.04470254836188583,0.4857777983634715,-0.14264251812202358,-0.06176421034683621,0.06550199896237067,0.06187688833277383,520,500
2025-02-08 15:03:02,-0.11139156441860237,-0.048232547393254825,0.41337890513218,-0.13992504388694352,-0.06058754400304654,0.06475197607348858,0.062126895962401195,518,494
2025-02-08 15:03:03,-0.12090272424138278,-0.05235087959651874,0.41337890513217934,-0.14943620370972382,-0.06470587620631041,0.06387694936979278,0.061251869258705405,513,492
2025-02-08 15:03:03,-0.12226146135892285,-0.052939212768413596,0.3608266901840346,-0.14400125523956367,-0.06235254351873107,0.0637519455549791,0.06175188451796014,521,499
2025-02-08 15:03:04,-0.11818525000630262,-0.051174213252729035,0.4326160038092965,-0.14943620370972382,-0.06470587620631041,0.06412695699942016,0.061251869258705405,515,489
2025-02-08 15:03:04,-0.12090272424138278,-0.05235087959651874,0.40341650367387905,-0.14807746659218382,-0.0641175430344156,0.06387694936979278,0.061376873073519085,511,481
2025-02-08 15:03:05,-0.12362019847646294,-0.05352754594030845,0.42310679855103,-0.153512415062344,-0.06647087572199495,0.06362694174016541,0.06087685781426435,510,488
2025-02-08 15:03:05,-0.12226146135892285,-0.052939212768413596,0.39320176966111664,-0.14807746659218382,-0.0641175430344156,0.0637519455549791,0.061376873073519085,514,490
2025-02-08 15:03:06,-0.1059566159484422,-0.04587921470567547,0.4510333627300436,-0.13992504388694352,-0.06058754400304654,0.06525199133274331,0.062126895962401195,515,493
2025-02-08 15:03:07,-0.10867409018352236,-0.04705588104946518,0.45103336273004296,-0.14264251812202358,-0.06176421034683621,0.06500198370311594,0.06187688833277383,519,493
2025-02-08 15:03:07,-0.11818525000630262,-0.051174213252729035,0.4326160038092965,-0.14943620370972382,-0.06470587620631041,0.06412695699942016,0.061251869258705405,511,486
2025-02-08 15:03:08,-0.11818525000630262,-0.051174213252729035,0.4510333627300433,-0.15215367794480392,-0.06588254255010009,0.06412695699942016,0.06100186162907804,510,491
2025-02-08 15:03:08,-0.10731535306598229,-0.046467547877570334,0.44192063826409816,-0.13992504388694352,-0.06058754400304654,0.06512698751792963,0.062126895962401195,523,492
2025-02-08 15:03:09,-0.12226146135892285,-0.052939212768413596,0.44192063826409816,-0.15487115217988406,-0.0670592088938898,0.0637519455549791,0.06075185399945066,507,489
2025-02-08 15:03:09,-0.12362019847646294,-0.05352754594030845,0.4687276200942463,-0.16030610065004425,-0.06941254158146916,0.06362694174016541,0.06025183874019593,514,492
2025-02-08 15:03:10,-0.11139156441860237,-0.048232547393254825,0.4510333627300436,-0.14535999235710367,-0.0629408766906259,0.06475197607348858,0.06162688070314646,516,498
2025-02-08 15:03:10,-0.11954398712384269,-0.051762546424623884,0.4231067985510305,-0.14943620370972382,-0.06470587620631041,0.06400195318460647,0.061251869258705405,514,486
2025-02-08 15:03:11,-0.127696409829083,-0.05529254545599294,0.4687276200942462,-0.16438231200266432,-0.07117754109715364,0.06325193029572436,0.05987682729575488,497,490
2025-02-08 15:03:11,-0.1290551469466231,-0.0558808786278878,0.39320176966111664,-0.15487115217988406,-0.0670592088938898,0.06312692648091067,0.06075185399945066,510,488
2025-02-08 15:03:12,-0.12226146135892285,-0.052939212768413596,0.4034165036738783,-0.14943620370972382,-0.06470587620631041,0.0637519455549791,0.061251869258705405,513,466
2025-02-08 15:03:12,-0.13041388406416318,-0.056469211799782655,0.4034165036738783,-0.15758862641496416,-0.06823587523767947,0.06300192266609698,0.060501846369823295,510,485
2025-02-08 15:03:13,-0.11003282730106244,-0.04764421422136004,0.4231067985510301,-0.13992504388694352,-0.06058754400304654,0.06487697988830225,0.062126895962401195,519,496
2025-02-08 15:03:14,-0.11139156441860237,-0.048232547393254825,0.43261600380929666,-0.14264251812202358,-0.06176421034683621,0.06475197607348858,0.06187688833277383,518,488
2025-02-08 15:03:14,-0.11275030153614245,-0.04882088056514968,0.43261600380929666,-0.14400125523956367,-0.06235254351873107,0.06462697225867489,0.06175188451796014,522,499
2025-02-08 15:03:15,-0.11818525000630262,-0.051174213252729035,0.4773288443107533,-0.15622988929742407,-0.06764754206578462,0.06412695699942016,0.06062685018463698,512,489
2025-02-08 15:03:15,-0.12090272424138278,-0.05235087959651874,0.45103336273004346,-0.15487115217988406,-0.0670592088938898,0.06387694936979278,0.06075185399945066,514,485
2025-02-08 15:03:16,-0.12362019847646294,-0.05352754594030845,0.4034165036738786,-0.1507949408272639,-0.06529420937820528,0.06362694174016541,0.06112686544389172,510,483
2025-02-08 15:03:16,-0.12497893559400301,-0.0541158791122033,0.4034165036738779,-0.15215367794480392,-0.06588254255010009,0.06350193792535172,0.06100186162907804,513,488
2025-02-08 15:03:17,-0.12226146135892285,-0.052939212768413596,0.42310679855103,-0.15215367794480392,-0.06588254255010009,0.0637519455549791,0.06100186162907804,510,489
2025-02-08 15:03:17,-0.12497893559400301,-0.0541158791122033,0.4231067985510301,-0.15487115217988406,-0.0670592088938898,0.06350193792535172,0.06075185399945066,512,472
2025-02-08 15:03:18,-0.13449009541678328,-0.05823421131546716,0.43261600380929593,-0.1657410491202044,-0.0717658742690485,0.06262691122165594,0.05975182348094119,499,478
2025-02-08 15:03:18,-0.12226146135892285,-0.052939212768413596,0.41337890513217956,-0.1507949408272639,-0.06529420937820528,0.0637519455549791,0.06112686544389172,512,489
2025-02-08 15:03:19,-0.127696409829083,-0.05529254545599294,0.4599655835683725,-0.1630235748851243,-0.07058920792525883,0.06325193029572436,0.06000183111056856,507,492
2025-02-08 15:03:19,-0.13041388406416318,-0.056469211799782655,0.38271449919334233,-0.15487115217988406,-0.0670592088938898,0.06300192266609698,0.06075185399945066,510,483
2025-02-08 15:03:20,-0.12226146135892285,-0.052939212768413596,0.44192063826409816,-0.15487115217988406,-0.0670592088938898,0.0637519455549791,0.06075185399945066,507,482
2025-02-08 15:03:21,-0.12497893559400301,-0.0541158791122033,0.5022494966911432,-0.1670997862377444,-0.07235420744094333,0.06350193792535172,0.05962681966612751,508,486
2025-02-08 15:03:21,-0.12633767271154295,-0.054704212284098094,0.3932017696611165,-0.15215367794480392,-0.06588254255010009,0.06337693411053805,0.06100186162907804,507,488
2025-02-08 15:03:22,-0.11003282730106244,-0.04764421422136004,0.4133789051321789,-0.13856630676940343,-0.059999210831151686,0.06487697988830225,0.06225189977721488,519,496
2025-02-08 15:03:22,-0.11954398712384269,-0.051762546424623884,0.37193163904269877,-0.14264251812202358,-0.06176421034683621,0.06400195318460647,0.06187688833277383,521,492
2025-02-08 15:03:23,-0.11546777577122261,-0.049997546908939386,0.38271449919334244,-0.13992504388694352,-0.06058754400304654,0.06437696462904752,0.062126895962401195,519,496
2025-02-08 15:03:23,-0.11954398712384269,-0.051762546424623884,0.44192063826409816,-0.15215367794480392,-0.06588254255010009,0.06400195318460647,0.06100186162907804,511,484
2025-02-08 15:03:24,-0.12633767271154295,-0.054704212284098094,0.38271449919334305,-0.1507949408272639,-0.06529420937820528,0.06337693411053805,0.06112686544389172,513,487
2025-02-08 15:03:24,-0.12226146135892285,-0.052939212768413596,0.42310679855103,-0.15215367794480392,-0.06588254255010009,0.0637519455549791,0.06100186162907804,509,456
2025-02-08 15:03:25,-0.14128378100448352,-0.061175877174941364,0.4326160038092961,-0.17253473470790465,-0.07470754012852271,0.062001892147587515,0.05912680440687277,495,472
2025-02-08 15:03:25,-0.12226146135892285,-0.052939212768413596,0.4326160038092961,-0.153512415062344,-0.06647087572199495,0.0637519455549791,0.06087685781426435,512,485
2025-02-08 15:03:26,-0.12633767271154295,-0.054704212284098094,0.45103336273004346,-0.16030610065004425,-0.06941254158146916,0.06337693411053805,0.06025183874019593,505,485
2025-02-08 15:03:26,-0.12090272424138278,-0.05235087959651874,0.4231067985510308,-0.1507949408272639,-0.06529420937820528,0.06387694936979278,0.06112686544389172,506,488
2025-02-08 15:03:27,-0.12362019847646294,-0.05352754594030845,0.42310679855103,-0.153512415062344,-0.06647087572199495,0.06362694174016541,0.06087685781426435,510,487
2025-02-08 15:03:28,-0.12226146135892285,-0.052939212768413596,0.41337890513217956,-0.1507949408272639,-0.06529420937820528,0.0637519455549791,0.06112686544389172,511,490
2025-02-08 15:03:28,-0.1168265128887627,-0.05058588008083425,0.5633404894920028,-0.1698172604728245,-0.07353087378473301,0.06425196081423383,0.059376812036500144,512,489
2025-02-08 15:03:29,-0.11275030153614245,-0.04882088056514968,0.4231067985510305,-0.14264251812202358,-0.06176421034683621,0.06462697225867489,0.06187688833277383,507,479
2025-02-08 15:03:29,-0.18612210588330513,-0.08059087184747112,0.4510333627300431,-0.22009053382180635,-0.09529920114484215,0.057876766258735925,0.05475167088839381,463,440
2025-02-08 15:03:30,-0.13041388406416318,-0.056469211799782655,0.34936894048747724,-0.1507949408272639,-0.06529420937820528,0.06300192266609698,0.06112686544389172,508,490
2025-02-08 15:03:30,-0.11139156441860237,-0.048232547393254825,0.4599655835683732,-0.14671872947464376,-0.06352920986252075,0.06475197607348858,0.06150187688833277,518,493
2025-02-08 15:03:31,-0.11954398712384269,-0.051762546424623884,0.44192063826409816,-0.15215367794480392,-0.06588254255010009,0.06400195318460647,0.06100186162907804,511,484
2025-02-08 15:03:31,-0.12362019847646294,-0.05352754594030845,0.6628809573961467,-0.19699200282362556,-0.08529753722262987,0.06362694174016541,0.05687673574022645,482,462
2025-02-08 15:03:32,-0.12090272424138278,-0.05235087959651874,0.4326160038092961,-0.15215367794480392,-0.06588254255010009,0.06387694936979278,0.06100186162907804,510,486
2025-02-08 15:03:32,-0.12226146135892285,-0.052939212768413596,0.44192063826409816,-0.15487115217988406,-0.0670592088938898,0.0637519455549791,0.06075185399945066,504,486
2025-02-08 15:03:33,-0.12226146135892285,-0.052939212768413596,0.48577779836347185,-0.1616648377675843,-0.070000874753364,0.0637519455549791,0.06012683492538224,512,487
2025-02-08 15:03:34,-0.12226146135892285,-0.052939212768413596,0.4034165036738783,-0.14943620370972382,-0.06470587620631041,0.0637519455549791,0.061251869258705405,512,487
2025-02-08 15:03:34,-0.12090272424138278,-0.05235087959651874,0.49408229390930913,-0.1616648377675843,-0.070000874753364,0.06387694936979278,0.06012683492538224,511,486
2025-02-08 15:03:35,-0.12090272424138278,-0.05235087959651874,0.41337890513217934,-0.14943620370972382,-0.06470587620631041,0.06387694936979278,0.061251869258705405,513,488
2025-02-08 15:03:35,-0.11003282730106244,-0.04764421422136004,0.4326160038092957,-0.14128378100448352,-0.061175877174941364,0.06487697988830225,0.062001892147587515,516,495
2025-02-08 15:03:36,-0.11139156441860237,-0.048232547393254825,0.4599655835683732,-0.14671872947464376,-0.06352920986252075,0.06475197607348858,0.06150187688833277,525,502
2025-02-08 15:03:36,-0.10459787883090213,-0.04529088153378062,0.45103336273004346,-0.13856630676940343,-0.059999210831151686,0.065376995147557,0.06225189977721488,522,498
2025-02-08 15:03:37,-0.12633767271154295,-0.054704212284098094,0.4773288443107528,-0.16438231200266432,-0.07117754109715364,0.06337693411053805,0.05987682729575488,507,481
2025-02-08 15:03:37,-0.13041388406416318,-0.056469211799782655,0.34936894048747724,-0.1507949408272639,-0.06529420937820528,0.06300192266609698,0.06112686544389172,512,489
2025-02-08 15:03:38,-0.11546777577122261,-0.049997546908939386,0.4773288443107529,-0.153512415062344,-0.06647087572199495,0.06437696462904752,0.06087685781426435,510,489
2025-02-08 15:03:38,-0.12362019847646294,-0.05352754594030845,0.6750449253361421,-0.19970947705870562,-0.08647420356641954,0.06362694174016541,0.05662672811059908,479,470
2025-02-08 15:03:39,-0.11818525000630262,-0.051174213252729035,0.37193163904269877,-0.14128378100448352,-0.061175877174941364,0.06412695699942016,0.062001892147587515,518,497
2025-02-08 15:03:39,-0.12226146135892285,-0.052939212768413596,0.42310679855103,-0.15215367794480392,-0.06588254255010009,0.0637519455549791,0.06100186162907804,513,488
2025-02-08 15:03:40,-0.11954398712384269,-0.051762546424623884,0.4231067985510305,-0.14943620370972382,-0.06470587620631041,0.06400195318460647,0.061251869258705405,500,486
2025-02-08 15:03:41,-0.12226146135892285,-0.052939212768413596,0.44192063826409816,-0.15487115217988406,-0.0670592088938898,0.0637519455549791,0.06075185399945066,514,489
2025-02-08 15:03:41,-0.11818525000630262,-0.051174213252729035,0.4687276200942471,-0.15487115217988406,-0.0670592088938898,0.06412695699942016,0.06075185399945066,510,489
2025-02-08 15:03:42,-0.11954398712384269,-0.051762546424623884,0.4773288443107534,-0.15758862641496416,-0.06823587523767947,0.06400195318460647,0.060501846369823295,502,484
2025-02-08 15:03:42,-0.11546777577122261,-0.049997546908939386,0.4231067985510302,-0.14535999235710367,-0.0629408766906259,0.06437696462904752,0.06162688070314646,516,491
2025-02-08 15:03:43,-0.11275030153614245,-0.04882088056514968,0.44192063826409833,-0.14535999235710367,-0.0629408766906259,0.06462697225867489,0.06162688070314646,516,494
2025-02-08 15:03:43,-0.11818525000630262,-0.051174213252729035,0.5336698717501289,-0.1657410491202044,-0.0717658742690485,0.06412695699942016,0.05975182348094119,511,488
2025-02-08 15:03:44,-0.11954398712384269,-0.051762546424623884,0.459965583568373,-0.15487115217988406,-0.0670592088938898,0.06400195318460647,0.06075185399945066,513,490
2025-02-08 15:03:44,-0.10867409018352236,-0.04705588104946518,0.4419206382640978,-0.14128378100448352,-0.061175877174941364,0.06500198370311594,0.062001892147587515,519,496
2025-02-08 15:03:45,-0.11954398712384269,-0.051762546424623884,0.37193163904269877,-0.14264251812202358,-0.06176421034683621,0.06400195318460647,0.06187688833277383,519,493
2025-02-08 15:03:45,-0.1290551469466231,-0.0558808786278878,0.5983633728431278,-0.18883958011838523,-0.0817675381912608,0.06312692648091067,0.05762675862910856,496,478
2025-02-08 15:03:46,-0.11954398712384269,-0.051762546424623884,0.4326160038092969,-0.1507949408272639,-0.06529420937820528,0.06400195318460647,0.06112686544389172,510,478
2025-02-08 15:03:46,-0.15487115217988406,-0.0670592088938898,0.38271449919334166,-0.1793284202956049,-0.07764920598799692,0.06075185399945066,0.05850178533280435,509,485
2025-02-08 15:03:47,-0.11818525000630262,-0.051174213252729035,0.4599655835683729,-0.153512415062344,-0.06647087572199495,0.06412695699942016,0.06087685781426435,512,481
2025-02-08 15:03:48,-0.11818525000630262,-0.051174213252729035,0.4326160038092965,-0.14943620370972382,-0.06470587620631041,0.06412695699942016,0.061251869258705405,502,489
2025-02-08 15:03:48,-0.10867409018352236,-0.04705588104946518,0.4419206382640978,-0.14128378100448352,-0.061175877174941364,0.06500198370311594,0.062001892147587515,526,500
2025-02-08 15:03:49,-0.1032391417133622,-0.04470254836188583,0.4326160038092957,-0.13449009541678328,-0.05823421131546716,0.06550199896237067,0.06262691122165594,525,499
                                                                                                                                                                                                                                                                                                                                                                                                                                                                                                                                                                                                                                                                                                                                                                                                                                                                                                                                                                                                                                                                                                                                                                                                                                                                                                                                                                                                                                                                                                                                                                                                                                                                                                                                                                                                                                                                                                                                                                                                                                                                                                                                                                                                                                                                                                                                                                                                                                                                                                                                                                                                                                                                                                                                                                                                                                                                                                                                                                                                                                                                                                                                                                                                                                                                                                                                                                                                                                              